x,y,centroidIndex
0.146000,34.755001,3
0.182000,19.268999,3
0.260000,13.018000,0
0.369000,34.132000,3
0.388000,30.618999,3
0.625000,46.935001,3
0.649000,17.848000,3
0.690000,61.570999,0
0.725000,41.928001,0
0.727000,11.260000,0
0.799000,21.028000,3
0.805000,12.544000,3
0.810000,24.743999,3
1.078000,41.074001,0
1.216000,51.527000,0
1.243000,63.622002,0
1.266000,9.628000,0
1.273000,31.403000,3
1.276000,10.667000,0
1.288000,45.674000,0
1.338000,24.076000,0
1.361000,41.793999,0
1.393000,13.559000,0
1.760000,7.851000,0
1.896000,18.653000,0
1.970000,28.841999,3
1.981000,49.875999,0
2.004000,1.177000,0
2.234000,47.601002,0
2.303000,0.133000,0
2.337000,12.450000,0
2.360000,12.187000,0
2.523000,50.967999,0
2.680000,58.425999,0
2.750000,62.546001,0
2.806000,18.225000,0
2.897000,30.042999,0
2.997000,9.075000,0
3.032000,37.782001,0
3.125000,30.671000,0
3.452000,22.702000,0
3.520000,46.648998,0
3.601000,7.724000,0
3.637000,7.490000,0
3.700000,10.518000,0
3.732000,50.784000,0
3.793000,8.659000,0
3.905000,41.759998,0
3.928000,18.500999,0
4.132000,4.634000,0
4.307000,50.030998,0
4.331000,32.443001,0
4.405000,54.748001,0
4.448000,17.361000,0
4.544000,24.098000,0
5.004000,28.264000,0
5.052000,31.895000,0
5.059000,15.699000,0
5.103000,3.043000,0
5.170000,2.770000,0
5.316000,29.466000,0
5.366000,4.566000,0
5.452000,62.874001,0
5.473000,26.025999,0
5.513000,29.413000,0
5.621000,6.889000,0
5.680000,45.272999,0
5.747000,5.584000,0
5.845000,26.941000,0
6.018000,12.189000,0
6.049000,21.615000,0
6.143000,2.484000,0
6.143000,50.016998,0
6.145000,17.728001,0
6.264000,43.372002,0
6.288000,29.677000,0
6.331000,57.265999,0
6.341000,15.481000,0
6.375000,61.756001,0
6.405000,31.042000,0
6.412000,46.108002,0
6.434000,37.839001,0
6.488000,39.026001,0
6.501000,44.080002,0
6.515000,10.619000,0
6.529000,62.941002,0
6.581000,21.372999,0
6.597000,43.358002,0
6.616000,33.265999,0
6.876000,44.547001,0
6.893000,27.948000,0
6.928000,21.837000,0
6.987000,29.774000,0
7.152000,29.889999,0
7.177000,4.881000,0
7.193000,29.799999,0
7.273000,4.795000,0
7.326000,48.887001,0
7.363000,63.560001,0
7.426000,55.740002,0
7.469000,47.327999,0
7.499000,27.141001,0
7.526000,3.056000,0
7.658000,29.931000,0
7.729000,62.324001,0
7.818000,44.798000,0
7.898000,17.535000,0
7.975000,47.419998,0
8.029000,2.834000,0
8.033000,38.236000,0
8.085000,50.058998,0
8.143000,49.813999,0
8.150000,47.380001,0
8.200000,19.540001,0
8.212000,10.277000,0
8.448000,45.539001,0
8.465000,6.591000,0
8.523000,36.376999,0
8.528000,54.504002,0
8.561000,37.646999,0
8.630000,3.885000,0
8.659000,38.748001,0
8.795000,28.436001,0
8.837000,5.888000,0
8.862000,56.428001,0
8.872000,55.597000,0
8.930000,42.255001,0
9.043000,38.369999,0
9.173000,58.932999,0
9.183000,19.419001,0
9.297000,1.917000,0
9.416000,54.396999,0
9.432000,42.084000,0
9.474000,11.407000,0
9.477000,43.462002,0
9.928000,29.483000,0
10.078000,43.694000,0
10.211000,26.775000,0
10.264000,2.019000,0
10.335000,25.452999,0
10.338000,20.606001,0
10.351000,8.099000,0
10.372000,38.305000,0
10.407000,27.180000,0
10.452000,61.419998,0
10.459000,18.639000,0
10.463000,12.368000,0
10.466000,3.800000,0
10.471000,0.014000,0
10.479000,59.209000,0
10.557000,28.408001,0
10.589000,11.375000,0
10.744000,50.327999,0
10.836000,45.282001,0
10.930000,23.098000,0
10.941000,50.785999,0
10.975000,45.242001,0
11.095000,52.900002,0
11.208000,8.903000,0
11.224000,18.795000,0
11.338000,7.931000,0
11.382000,44.270000,0
11.478000,28.594999,0
11.501000,47.813999,0
11.583000,14.655000,0
11.635000,33.758999,0
11.757000,55.562000,0
11.827000,26.757999,0
11.942000,24.077999,0
12.187000,8.072000,0
12.203000,13.501000,0
12.225000,23.767000,0
12.250000,41.770000,0
12.327000,44.254002,0
12.369000,4.443000,0
12.531000,62.856998,0
12.575000,61.949001,0
12.627000,29.684000,0
12.851000,49.021999,0
12.925000,43.146000,0
13.011000,37.000000,0
13.126000,34.563999,0
13.273000,40.499001,0
13.349000,16.076000,0
13.409000,13.420000,0
13.460000,16.809000,0
13.588000,35.146000,0
13.681000,54.126999,0
13.718000,3.879000,0
13.724000,28.396999,0
13.744000,46.256001,0
13.758000,44.956001,0
13.855000,63.667000,0
13.883000,38.118999,0
13.922000,56.693001,0
13.931000,34.660000,0
13.977000,1.104000,0
14.002000,9.278000,0
14.008000,41.477001,0
14.016000,49.158001,0
14.041000,13.499000,0
14.056000,24.316000,0
14.278000,55.152000,0
14.301000,32.155998,0
14.305000,5.050000,0
14.337000,59.716000,0
14.525000,7.332000,0
14.570000,23.327000,0
14.580000,26.504000,0
14.619000,9.394000,0
14.631000,26.320000,0
14.832000,51.563999,0
14.909000,50.408001,0
14.920000,22.855000,0
14.941000,15.525000,0
15.032000,20.356001,0
15.037000,40.348000,0
15.038000,32.984001,0
15.155000,25.591999,0
15.206000,63.813000,0
15.345000,8.087000,0
15.391000,21.995001,0
15.403000,47.153000,0
15.417000,34.765999,0
15.522000,58.520000,0
15.589000,31.879000,0
15.708000,37.914001,0
15.778000,29.257000,0
15.873000,20.591999,0
15.890000,26.490000,0
15.951000,4.304000,0
15.979000,44.445999,0
16.121000,1.714000,0
16.292000,30.195000,0
16.379999,10.719000,0
16.447001,26.671000,0
16.466999,39.696999,0
16.513000,26.990999,0
16.642000,46.511002,0
16.730000,62.389999,0
16.794001,53.404999,0
16.819000,45.373001,0
16.891001,45.421001,0
16.934000,53.741001,0
16.952999,40.590000,0
16.955999,55.188999,0
17.082001,3.358000,0
17.091000,39.674999,0
17.202999,60.486000,0
17.409000,19.760000,0
17.448999,29.174999,0
17.511000,61.144001,0
17.601000,11.796000,0
17.658001,59.005001,0
17.663000,57.037998,0
17.733000,16.778999,0
17.778000,45.928001,0
17.832001,13.316000,0
17.871000,2.705000,0
18.000000,53.228001,0
18.018999,1.240000,0
18.062000,36.931000,0
18.101999,39.993999,0
18.117001,34.701000,0
18.166000,32.104000,0
18.169001,25.646999,0
18.197001,28.650000,0
18.296000,14.150000,0
18.302000,18.875000,0
18.313999,55.824001,0
18.323000,49.563999,0
18.343000,51.618000,0
18.417999,14.910000,0
18.483999,50.917000,0
18.566000,47.700001,0
18.621000,42.137001,0
18.622000,52.412998,0
18.624001,48.457001,0
18.669001,42.698002,0
18.854000,14.630000,0
18.896999,13.225000,0
18.917000,34.897999,0
19.018000,48.326000,0
19.035000,34.228001,0
19.077999,14.485000,0
19.129000,47.233002,0
19.197001,34.005001,0
19.226999,20.136000,0
19.247000,40.216000,0
19.299000,33.504002,0
19.326000,46.400002,0
19.334000,0.160000,0
19.569000,24.075001,0
19.652000,44.839001,0
19.792999,0.254000,0
19.804001,28.500000,0
19.813000,4.227000,0
19.816999,16.405001,0
19.931999,10.193000,0
19.941000,37.200001,0
19.972000,31.847000,0
19.983999,31.809000,0
20.024000,1.526000,0
20.086000,24.400999,0
20.090000,5.331000,0
20.162001,12.829000,0
20.167000,48.582001,0
20.377001,18.049999,0
20.448000,52.617001,0
20.598000,31.487000,0
20.799999,49.910999,0
20.891001,58.521999,0
21.007999,35.202000,0
21.069000,40.467999,0
21.165001,43.335999,0
21.228001,37.512001,0
21.253000,36.025002,0
21.320000,22.410999,0
21.358999,15.818000,0
21.379000,31.325001,0
21.388000,18.032000,0
21.420000,27.591999,0
21.490999,32.466999,0
21.514000,21.712000,0
21.541000,34.891998,0
21.575001,21.849001,0
21.832001,33.342999,0
21.841999,1.540000,0
21.843000,25.422001,0
22.000999,45.162998,0
22.117001,4.634000,0
22.209000,49.476002,0
22.216000,15.568000,0
22.219000,33.723999,0
22.245001,47.839001,0
22.350000,39.985001,0
22.424999,62.004002,0
22.497999,4.850000,0
22.514999,58.123001,0
22.621000,21.427000,0
22.934999,54.734001,0
22.938000,41.459999,0
22.944000,2.018000,0
22.989000,25.278000,0
22.995001,36.800999,0
23.038000,43.209999,0
23.184000,4.613000,0
23.197001,0.207000,0
23.216999,38.735001,0
23.400000,19.708000,0
23.459000,27.955000,0
23.632000,47.783001,0
23.691000,52.907001,0
23.804001,24.193001,0
23.832001,20.267000,0
23.832001,36.632000,0
23.875999,62.034000,0
23.951000,8.508000,0
23.983000,24.875000,0
24.058001,22.823999,0
24.068001,55.262001,0
24.198999,6.494000,0
24.230000,28.877001,0
24.315001,27.360001,0
24.334000,48.000000,0
24.341000,53.362000,0
24.466000,16.791000,0
24.573000,48.152000,0
24.658001,33.313999,0
24.683001,5.760000,0
24.732000,49.445999,0
24.737000,13.374000,0
24.879999,10.543000,0
24.902000,7.355000,0
24.929001,53.466999,0
24.929001,59.240002,0
25.047001,2.211000,0
25.066999,41.731998,0
25.143000,57.689999,0
25.179001,34.369999,0
25.256001,5.421000,0
25.480000,13.889000,0
25.507000,61.771000,0
25.601999,32.777000,0
25.618000,43.481998,0
25.674000,16.056999,0
25.702999,21.079000,0
25.743000,52.166000,0
25.983999,27.507999,0
26.045000,11.849000,0
26.073999,53.478001,0
26.084000,41.838001,0
26.105000,1.777000,0
26.113001,35.275002,0
26.207001,32.208000,0
26.215000,32.334000,0
26.226999,10.140000,0
26.292999,41.411999,0
26.407000,6.283000,0
26.433001,40.637001,0
26.469999,61.428001,0
26.556999,53.405998,0
26.563999,36.548000,0
26.596001,28.031000,0
26.610001,16.621000,0
26.702000,24.671000,0
26.742001,20.202000,0
26.778999,62.738998,0
26.993999,36.132999,0
27.047001,8.305000,0
27.141001,62.367001,0
27.157000,56.691002,0
27.230000,63.624001,0
27.337000,14.864000,0
27.343000,0.622000,0
27.464001,1.378000,0
27.483999,42.566002,0
27.524000,30.996000,0
27.582001,18.525999,0
27.659000,2.183000,0
27.664000,15.101000,0
27.665001,62.703999,0
27.709999,42.219002,0
27.929001,23.891001,0
27.976999,33.234001,0
28.075001,9.381000,0
28.083000,28.532000,0
28.115999,0.338000,0
28.275000,27.444000,0
28.290001,38.917000,0
28.299000,35.481998,0
28.361000,41.394001,0
28.434000,39.174999,0
28.507000,33.816002,0
28.556999,43.075001,0
28.742001,54.748001,0
28.761999,5.520000,0
28.812000,31.101999,0
28.893000,12.803000,0
28.920000,44.834999,0
28.981001,11.984000,0
29.038000,29.726000,0
29.040001,17.698000,0
29.052000,13.949000,0
29.062000,25.396000,0
29.120001,13.327000,0
29.129999,49.908001,0
29.191000,48.306999,0
29.326000,24.882999,0
29.408001,43.224998,0
29.532000,42.966000,0
29.590000,48.147999,0
29.801001,17.513000,0
29.907000,52.120998,0
29.936001,54.174999,0
30.051001,54.727001,0
30.068001,56.792000,0
30.089001,49.910999,0
30.108000,21.222000,0
30.150999,27.872999,0
30.287001,49.574001,0
30.313000,38.278000,0
30.650000,46.063000,0
30.657000,55.389999,0
30.709999,47.111000,0
30.728001,20.349001,0
30.768000,12.775000,0
30.768999,26.431999,0
30.837999,1.360000,0
30.877001,47.217999,0
30.884001,10.461000,0
31.024000,8.975000,0
31.027000,29.615000,0
31.066999,39.627998,0
31.082001,27.320000,0
31.091999,28.287001,0
31.101000,45.731998,0
31.216999,29.537001,0
31.285999,49.132000,0
31.295000,10.577000,0
31.461000,55.356998,0
31.462000,39.972000,0
31.533001,25.482000,0
31.589001,24.406000,0
31.613001,34.507000,0
31.794001,8.149000,0
32.077000,56.113998,0
32.091000,8.791000,0
32.137001,7.571000,0
32.171001,48.481998,0
32.220001,61.673000,0
32.224998,51.532001,0
32.297001,40.278000,0
32.467999,42.667999,0
32.592999,27.830000,0
32.611000,19.396999,0
32.641998,54.687000,0
32.645000,42.637001,0
32.785999,43.032001,0
32.853001,0.846000,0
32.874001,0.088000,0
32.918999,38.484001,0
33.032001,16.125999,0
33.049999,60.873001,0
33.092999,29.506001,0
33.122002,3.583000,0
33.124001,25.097000,0
33.172001,24.153999,0
33.230999,21.832001,0
33.290001,1.643000,0
33.297001,2.204000,0
33.355999,60.146999,0
33.370998,28.597000,1
33.389000,41.826000,1
33.465000,7.651000,1
33.536999,55.563999,0
33.569000,47.330002,0
33.632000,34.731998,0
33.721001,53.651001,0
33.862999,44.605000,0
33.874001,54.470001,0
33.902000,12.894000,1
33.912998,48.723000,0
33.946999,4.210000,1
34.013000,28.313999,1
34.088001,50.254002,0
34.316002,48.373001,0
34.345001,3.990000,0
34.351002,19.743999,1
34.370998,59.415001,0
34.437000,11.372000,0
34.481998,14.235000,0
34.492001,34.262001,0
34.888000,12.097000,0
34.965000,44.035999,0
35.080002,43.764999,0
35.080002,55.377998,0
35.082001,57.494999,0
35.138000,51.540001,0
35.209000,24.399000,0
35.221001,23.971001,1
35.229000,21.478001,1
35.305000,46.874001,0
35.355999,8.173000,0
35.382999,33.222000,0
35.499001,18.955000,1
35.515999,38.625999,0
35.637001,54.493000,0
35.667999,50.331001,0
35.882999,57.417000,0
35.938000,51.506001,0
36.043999,58.591999,0
36.148998,5.383000,0
36.286999,35.223000,0
36.417999,29.302999,0
36.473000,6.434000,0
36.535999,61.672001,0
36.537998,63.988998,0
36.584000,29.242001,0
36.636002,7.952000,0
36.669998,12.779000,1
36.688000,11.986000,0
36.717999,24.988001,0
36.777000,14.171000,1
36.817001,20.056000,1
36.929001,48.162998,0
37.006001,4.082000,0
37.058998,24.701000,0
37.068001,48.230999,0
37.150002,21.643000,1
37.169998,33.459999,0
37.188000,50.381001,0
37.292000,15.213000,1
37.361000,17.705000,1
37.448002,32.950001,0
37.477001,5.651000,1
37.480000,20.191999,1
37.518002,58.826000,0
37.645000,59.860001,0
37.731998,63.193001,0
37.763000,34.875999,0
37.790001,49.709999,0
37.949001,20.563999,1
37.952999,22.667999,0
37.953999,12.680000,0
37.953999,57.707001,0
37.956001,15.992000,1
38.014999,43.272999,0
38.018002,8.533000,0
38.056000,19.826000,1
38.067001,11.144000,0
38.115002,3.579000,0
38.124001,46.314999,0
38.131001,22.353001,0
38.221001,20.636999,1
38.289001,42.578999,0
38.306000,4.375000,0
38.398998,57.841999,0
38.460999,39.264999,0
38.483002,15.782000,1
38.497002,41.326000,0
38.542000,17.365000,1
38.570999,31.458000,0
38.764999,51.257000,0
38.854000,22.091000,0
38.898998,26.695999,0
38.937000,53.742001,0
39.012001,51.143002,0
39.057999,14.564000,1
39.062000,16.864000,1
39.355000,41.689999,0
39.493999,6.172000,0
39.509998,14.893000,1
39.528999,12.673000,0
39.549999,17.987000,1
39.598999,51.098999,0
39.695999,20.117001,1
39.709000,3.769000,0
39.744999,60.921001,0
39.826000,41.905998,0
40.021999,58.320999,0
40.044998,13.719000,0
40.061001,55.501999,0
40.112000,24.561001,0
40.153999,6.575000,0
40.186001,4.641000,0
40.391998,47.611000,0
40.404999,53.330002,0
40.442001,20.163000,1
40.474998,38.535000,0
40.528000,4.729000,0
40.542999,25.733999,0
40.554001,26.962999,0
40.564999,11.115000,0
40.568001,51.726002,0
40.571999,51.580002,0
40.584999,29.208000,0
40.632999,59.632999,0
40.708000,55.355000,0
40.840000,1.990000,0
40.903999,27.486000,0
40.937000,50.153999,0
40.967999,48.969002,0
40.971001,1.214000,0
41.050999,22.159000,1
41.171001,63.044998,0
41.176998,14.690000,1
41.241001,43.334999,0
41.272999,44.733002,0
41.331001,17.841000,1
41.365002,13.168000,0
41.377998,23.729000,0
41.494999,54.691002,0
41.644001,39.547001,0
41.651001,63.333000,0
41.691002,28.733000,0
41.789001,18.936001,1
41.883999,40.491001,0
42.183998,45.396000,0
42.293999,62.632999,0
42.334999,23.910999,0
42.387001,51.876999,0
42.390999,41.145000,0
42.391998,25.764999,0
42.424000,55.970001,0
42.467999,47.912998,0
42.476002,3.176000,0
42.493999,52.327000,0
42.571999,26.121000,0
42.660000,40.558998,0
42.702000,35.949001,0
42.841999,1.206000,0
42.893002,45.875000,0
42.936001,12.699000,0
43.049000,21.688000,1
43.146999,12.455000,0
43.168999,40.686001,0
43.221001,43.604000,0
43.234001,47.959999,0
43.327000,53.742001,0
43.422001,53.105000,0
43.494999,31.792000,0
43.612999,21.754000,1
43.652000,15.806000,1
43.654999,60.120998,0
43.675999,0.419000,0
43.686001,36.536999,0
43.748001,60.051998,0
43.797001,29.510000,0
43.820999,40.066002,0
43.908001,35.959999,0
43.979000,26.794001,0
44.020000,35.529999,0
44.063000,37.938999,0
44.075001,24.417999,0
44.133999,29.232000,0
44.153000,58.832001,0
44.323002,53.181000,0
44.376999,61.316002,0
44.384998,38.074001,0
44.566002,45.963001,0
44.569000,38.125000,0
44.582001,57.856998,0
44.605999,52.991001,0
44.618000,52.525002,0
44.629002,38.553001,0
44.723999,55.077000,0
44.762001,39.451000,0
44.883999,46.362000,0
45.154999,18.511999,1
45.278999,15.597000,0
45.290001,4.045000,0
45.361000,54.105999,0
45.430000,59.397999,0
45.452000,20.652000,0
45.480999,29.169001,0
45.605999,47.901001,0
45.689999,51.698002,0
45.692001,21.072001,1
45.826000,41.590000,0
45.846001,36.973999,0
45.849998,27.340000,0
45.862999,53.112999,0
45.908001,19.635000,1
46.002998,59.166000,0
46.019001,25.302999,0
46.022999,53.060001,0
46.083000,28.004999,0
46.237999,52.049999,0
46.264999,27.565001,0
46.375000,54.061001,0
46.508999,31.145000,0
46.549999,21.004000,1
46.555000,24.791000,0
46.581001,14.389000,0
46.790001,13.934000,0
46.838001,62.404999,0
47.116001,4.076000,0
47.153999,56.956001,0
47.162998,1.052000,0
47.235001,44.810001,0
47.293999,59.178001,0
47.327999,21.315001,4
47.332001,11.519000,4
47.355000,35.585999,4
47.368000,8.451000,2
47.458000,1.966000,1
47.526001,55.908001,0
47.574001,33.160000,4
47.578999,52.311001,0
47.599998,44.273998,0
47.735001,45.412998,0
47.790001,35.594002,0
47.951000,28.061001,4
48.056000,53.181000,0
48.118000,38.049999,0
48.189999,9.068000,1
48.224998,32.868999,0
48.318001,36.620998,0
48.408001,29.035000,4
48.415001,60.196999,0
48.451000,63.230999,0
48.455002,50.208000,0
48.528000,63.108002,0
48.567001,37.379002,0
48.678001,35.226002,0
48.728001,62.138000,0
48.737000,52.568001,0
48.898998,25.424999,1
48.904999,18.562000,1
48.938000,62.575001,0
49.088001,44.422001,0
49.118999,45.070000,0
49.230999,24.940001,0
49.291000,60.264000,0
49.351002,14.044000,0
49.389999,41.905998,0
49.424000,37.346001,0
49.438000,62.036999,0
49.444000,8.284000,0
49.458000,54.404999,0
49.459999,55.793999,0
49.487000,0.420000,0
49.584000,63.055000,0
49.603001,28.372000,0
49.612000,7.512000,0
49.613998,7.923000,0
49.662998,60.370998,0
49.703999,33.131001,0
49.706001,18.516001,1
49.708000,22.392000,0
49.709999,55.821999,0
49.896999,17.304001,1
49.960999,58.875000,0
49.971001,15.593000,0
49.990002,14.627000,0
50.000000,6.903000,0
50.105999,3.707000,0
50.359001,54.174999,0
50.368999,2.193000,0
50.383999,18.434999,1
50.389999,18.778999,1
50.480999,2.737000,0
50.509998,16.798000,0
50.574001,21.070999,0
50.590000,28.386000,0
50.744999,0.587000,0
50.792999,44.598999,0
50.858002,28.957001,4
51.071999,53.216999,0
51.082001,62.796001,0
51.257999,54.633999,0
51.356998,21.125000,1
51.381001,17.740999,1
51.466999,27.476999,0
51.594002,47.363998,0
51.625000,6.267000,0
51.660000,18.525999,1
51.755001,61.680000,0
51.775002,36.217999,0
51.789001,0.105000,0
51.804001,24.521000,0
51.826000,13.264000,0
51.826000,27.698999,0
51.880001,23.013000,0
52.015999,36.674000,0
52.146999,36.702999,0
52.174999,8.856000,0
52.341000,49.679001,0
52.410999,61.587002,0
52.424000,63.240002,0
52.491001,57.598999,0
52.555000,19.826000,1
52.564999,55.695000,0
52.619999,58.433998,0
52.639999,36.337002,0
52.727001,23.702000,0
52.807999,35.959000,0
52.821999,16.312000,1
52.827000,35.648998,0
52.999001,27.181999,0
53.099998,33.004002,0
53.230000,53.237999,0
53.237999,40.165001,0
53.268002,51.334999,0
53.304001,37.650002,0
53.382000,9.279000,0
53.528000,63.313000,0
53.570000,12.255000,0
53.608002,37.964001,0
53.638000,51.026001,0
53.661999,1.185000,0
53.724998,45.875999,0
53.772999,33.389999,0
53.987999,16.556000,1
54.056000,17.232000,1
54.074001,33.630001,0
54.118000,37.355000,0
54.161999,61.893002,0
54.287998,21.184000,1
54.296001,42.040001,0
54.306999,40.012001,0
54.363998,11.180000,0
54.528999,46.383999,0
54.554001,25.290001,4
54.563999,55.007999,0
54.771000,37.842999,0
54.895000,31.497999,0
54.923000,39.666000,0
54.937000,8.377000,0
54.976002,11.066000,0
54.985001,26.219000,4
54.986000,4.148000,0
55.028999,26.299999,4
55.105000,13.816000,0
55.112999,3.195000,0
55.146000,30.656000,0
55.160000,57.720001,0
55.191002,62.675999,0
55.198002,29.162001,0
55.203999,10.029000,0
55.289001,57.117001,0
55.396999,48.905998,0
55.445999,24.496000,0
55.592999,59.588001,0
55.636002,31.219999,0
55.653000,4.405000,0
55.673000,28.823999,0
55.692001,63.811001,0
55.721001,3.443000,0
55.738998,36.138000,0
55.869999,13.185000,0
55.877998,19.931999,1
56.117001,24.948000,4
56.132000,15.492000,0
56.146000,4.429000,0
56.178001,32.412998,0
56.284000,9.846000,0
56.330002,44.314999,0
56.421001,24.969000,0
56.424000,19.202999,1
56.435001,29.421000,0
56.497002,25.413000,4
56.580002,39.594002,0
56.588001,16.919001,0
56.627998,9.341000,0
56.660000,50.897999,0
56.705002,56.930000,0
56.819000,18.275999,1
56.884998,57.695999,0
56.915001,57.556999,0
56.972000,27.172001,4
57.241001,17.768000,1
57.307999,59.855000,0
57.338001,29.190001,0
57.441002,0.500000,0
57.612000,23.715000,0
57.798000,24.854000,0
57.861000,61.910999,0
57.889000,22.922001,0
57.904999,26.299000,0
57.959999,28.729000,4
58.001999,44.785999,0
58.023998,2.698000,0
58.056999,34.978001,0
58.091999,41.327999,0
58.097000,32.137001,0
58.200001,58.173000,0
58.213001,38.327999,0
58.307999,30.695000,4
58.513000,54.959999,0
58.582001,44.351002,0
58.584999,17.624001,1
58.660000,33.016998,0
58.695999,61.425999,0
58.723999,32.856998,0
58.838001,1.779000,0
58.853001,9.693000,0
59.154999,41.136002,0
59.183998,49.159000,0
59.215000,34.882999,0
59.219002,4.515000,0
59.271000,56.433998,0
59.341000,49.914001,0
59.375999,32.332001,0
59.708000,30.136999,4
59.770000,5.943000,0
59.848000,55.540001,0
59.956001,24.802999,0
60.133999,2.927000,0
60.179001,27.996000,0
60.265999,55.912998,0
60.314999,47.112000,0
60.375999,17.659000,1
60.377998,49.830002,0
60.437000,21.600000,0
60.541000,36.391998,0
60.543999,28.700001,0
60.591000,21.646000,0
60.627998,14.723000,0
60.636002,27.667000,0
60.706001,32.525002,0
60.741001,60.053001,0
60.743999,57.862000,0
60.966999,54.837002,0
61.104000,44.841999,0
61.126999,30.451000,4
61.140999,43.361000,0
61.162998,36.009998,0
61.226002,14.300000,0
61.226002,33.159000,0
61.252998,2.917000,0
61.262001,1.301000,0
61.266998,14.932000,0
61.333000,1.876000,0
61.372002,54.169998,0
61.465000,56.067001,0
61.473000,40.793999,0
61.557999,38.618000,0
61.585999,11.833000,0
61.638000,4.113000,0
61.647999,28.434000,0
61.798000,11.299000,0
61.889000,50.532001,0
61.926998,63.688000,0
61.928001,42.590000,0
62.023998,49.405998,0
62.158001,15.962000,0
62.167999,10.732000,0
62.278999,36.984001,0
62.333000,31.881001,0
62.445000,41.387001,0
62.449001,22.591000,0
62.551998,5.105000,0
62.641998,39.743999,0
62.661999,29.370001,4
62.783001,3.003000,0
62.859001,0.594000,0
62.866001,48.595001,0
62.874001,38.230000,0
62.916000,43.467999,0
63.035999,6.704000,0
63.068001,40.736000,0
63.102001,39.631001,0
63.158001,51.911999,0
63.186001,57.487000,0
63.206001,43.591000,0
63.245998,53.956001,0
63.271000,37.265999,0
63.312000,30.899000,4
63.321999,22.188999,0
63.446999,27.538000,0
63.459000,48.925999,0
63.631001,16.653000,0
63.715000,31.590000,0
63.719002,47.458000,0
63.817001,46.008999,0
63.876999,1.908000,0
63.926998,3.920000,0
64.010002,50.716999,0
64.144997,38.148998,0
64.152000,8.261000,0
64.308998,62.592999,0
64.339996,8.951000,0
64.403999,63.410999,0
64.406998,4.760000,4
64.523003,18.683001,4
64.536003,62.695999,0
64.636002,41.708000,0
64.643997,60.094002,0
64.719002,0.485000,0
64.736000,52.744999,0
64.817001,57.914001,0
64.818001,52.632999,0
64.975998,26.900000,0
64.985001,52.723000,0
64.990997,17.351000,4
65.233002,58.602001,0
65.241997,59.000999,0
65.268997,60.210999,0
65.373001,16.143000,0
65.408997,25.877001,0
65.496002,23.954000,0
65.772003,7.915000,0
65.783997,51.071999,0
65.789001,61.644001,0
65.838997,41.372002,0
65.934998,52.269001,0
65.991997,48.307999,0
66.008003,21.452999,0
66.024002,21.957001,0
66.055000,22.941999,0
66.248001,25.275999,0
66.249001,18.180000,0
66.337997,34.881001,0
66.362999,31.337000,0
66.485001,6.731000,0
66.613998,61.263000,0
66.703003,38.528000,0
66.737000,60.216999,0
66.843002,1.035000,0
66.977997,29.283001,0
67.022003,31.216999,0
67.089996,31.142000,0
67.519997,7.443000,0
67.732002,62.035999,0
67.861000,18.740000,0
67.938004,44.778000,0
68.017998,18.618999,0
68.042000,42.085999,0
68.074997,29.854000,0
68.098999,4.627000,0
68.244003,58.469002,0
68.306999,44.846001,0
68.319000,11.735000,0
68.355003,38.007000,0
68.360001,9.901000,0
68.581001,58.180000,0
68.584999,44.848000,0
68.661003,5.746000,0
68.739998,57.124001,0
68.747002,31.118999,0
68.787003,16.237000,0
68.859001,49.198002,0
68.879997,59.097000,0
69.117996,4.839000,0
69.152000,41.605999,0
69.233002,37.898998,0
69.282997,2.940000,0
69.314003,32.985001,0
69.339996,15.810000,0
69.342003,60.893002,0
69.399002,59.320000,0
69.445000,50.493999,0
69.508003,53.214001,0
69.574997,50.625000,0
69.593002,47.401001,0
69.656998,28.434999,0
69.667000,52.691002,0
69.746002,23.858000,0
69.834000,40.824001,0
69.841003,15.646000,0
70.177002,12.355000,0
70.241997,54.874001,0
70.293999,9.362000,0
70.320000,63.375999,0
70.365997,10.437000,0
70.378998,26.921000,0
70.387001,8.580000,0
70.527000,23.889999,0
70.639999,27.212000,0
70.772003,63.108002,0
70.987999,12.084000,0
71.053001,45.657001,0
71.124001,40.138000,0
71.217003,50.962002,0
71.287003,13.726000,0
71.304001,57.108002,0
71.350998,43.092999,0
71.438004,50.046001,0
71.519997,1.164000,0
71.524002,24.084999,0
71.619003,25.771000,0
71.663002,10.309000,0
71.668999,28.431999,0
71.721001,61.678001,0
71.773003,54.509998,0
71.834000,38.271999,0
71.846001,56.533001,0
71.849998,20.608999,0
71.926003,30.365999,0
72.323997,24.188000,0
72.344002,37.881001,0
72.656998,6.565000,0
72.726997,51.557999,0
72.751999,14.415000,0
72.882004,45.195000,0
72.935997,28.597000,0
72.990997,50.987999,0
73.057999,26.782000,0
73.072998,50.737000,0
73.079002,39.087002,0
73.080002,41.880001,0
73.082001,63.305000,0
73.085999,10.548000,0
73.239998,26.834000,0
73.292999,40.023998,0
73.365997,54.639999,0
73.413002,58.075001,0
73.473999,5.697000,0
73.501999,15.626000,0
73.580002,25.319000,0
73.625999,47.043999,0
73.630997,2.982000,0
73.670998,5.649000,0
73.714996,44.845001,0
73.733002,2.343000,0
73.748001,32.528000,0
73.943001,13.072000,0
74.010002,36.873001,0
74.046997,22.117001,0
74.264999,61.661999,0
74.269997,40.830002,0
74.272003,4.491000,0
74.294998,26.667000,0
74.403000,51.507000,0
74.459000,62.485001,0
74.462997,37.431999,0
74.528000,41.833000,0
74.595001,62.428001,0
74.661003,24.476000,0
74.681000,25.216000,0
74.719002,44.196999,0
74.751999,34.178001,0
74.765999,18.398001,0
74.788002,34.264000,0
74.917999,2.438000,0
74.931000,13.451000,0
75.178001,38.082001,0
75.237000,54.418999,0
75.259003,34.862999,0
75.322998,24.299999,0
75.380997,54.840000,0
75.390999,62.639999,0
75.412003,38.629002,0
75.723000,61.805000,0
75.896004,35.986000,0
75.959999,0.279000,0
75.991997,7.442000,0
76.007004,57.681999,0
76.084999,0.930000,0
76.255997,0.999000,0
76.297997,14.130000,0
76.348999,18.257999,0
76.462997,19.326000,0
76.509003,16.952000,0
76.557999,15.950000,0
76.584000,16.916000,0
76.623001,13.282000,0
76.637001,50.998001,0
76.650002,4.499000,0
76.669998,7.508000,0
76.731003,12.010000,0
76.828003,30.065001,0
76.829002,9.464000,0
76.863998,48.304001,0
76.948997,25.235001,0
77.071999,31.542000,0
77.132004,2.219000,0
77.172997,8.243000,0
77.210999,8.668000,0
77.223000,46.444000,0
77.245003,41.053001,0
77.334000,23.535000,0
77.433998,60.094002,0
77.442001,34.119999,0
77.463997,13.967000,0
77.467003,37.333000,0
77.523003,7.009000,0
77.535004,20.033001,0
77.552002,55.418999,0
77.564003,23.784000,0
77.666000,58.411999,0
77.704002,2.517000,0
77.707001,37.695999,0
77.719002,60.785999,0
77.793999,62.664001,0
77.803001,20.225000,0
77.910004,27.209999,0
77.942001,0.633000,0
77.954002,4.902000,0
78.027000,31.797001,0
78.049004,31.583000,0
78.112000,6.078000,0
78.144997,14.898000,0
78.144997,35.416000,0
78.185997,54.955002,0
78.219002,1.184000,0
78.250000,13.519000,0
78.254997,13.783000,0
78.338997,15.763000,0
78.339996,5.899000,0
78.339996,11.230000,0
78.519997,26.167000,0
78.565002,10.400000,0
78.592003,37.269001,0
78.609001,26.737000,0
78.675003,49.631001,0
78.884003,11.468000,0
79.144997,32.645000,0
79.144997,42.446999,0
79.164001,39.278999,0
79.214996,17.715000,0
79.233002,58.869999,0
79.266998,8.444000,0
79.287003,38.265999,0
79.327003,53.986000,0
79.408997,19.448000,0
79.483002,25.530001,0
79.543999,2.487000,0
79.549004,52.265999,0
79.566002,55.402000,0
79.584000,48.071999,0
79.685997,47.158001,0
79.735001,31.257999,0
79.764000,50.237999,0
79.766998,59.091000,0
79.804001,44.214001,0
79.875000,49.130001,0
80.057999,25.018999,0
80.098999,41.018002,0
80.151001,22.846001,0
80.152000,35.629002,0
80.322998,37.160999,0
80.364998,60.957001,0
80.402000,52.258999,0
80.429001,13.133000,0
80.478996,41.185001,0
80.504997,26.728001,0
80.706001,39.105000,0
80.793999,49.076000,0
80.822998,24.179001,0
80.822998,46.627998,0
80.871002,45.689999,0
80.872002,52.883999,0
80.888000,36.842999,0
80.899002,12.275000,0
81.037003,38.411999,0
81.047997,22.229000,0
81.157997,19.304001,0
81.158997,31.525000,0
81.171997,8.950000,0
81.189003,24.330000,0
81.365997,19.497999,0
81.376999,44.792000,0
81.394997,35.573002,0
81.403999,57.748001,0
81.473000,8.879000,0
81.535004,53.748001,0
81.543999,46.358002,0
81.723999,15.482000,0
81.733002,42.155998,0
81.764999,25.336000,0
81.799004,35.563999,0
81.920998,52.082001,0
82.063004,26.396999,0
82.157997,9.611000,0
82.157997,30.624001,0
82.283997,44.912998,0
82.302002,42.803001,0
82.306000,57.240002,0
82.352997,41.699001,0
82.419998,60.042999,0
82.511002,62.167999,0
82.561996,2.863000,0
82.574997,27.737000,0
82.585999,56.243000,0
82.708000,52.990002,0
82.865997,53.570999,0
82.876999,29.298000,0
82.961998,49.320999,0
83.080002,45.148998,0
83.081001,15.480000,0
83.084000,35.761002,0
83.175003,5.205000,0
83.242996,2.686000,0
83.246002,35.632999,0
83.344002,51.686001,0
83.427002,50.588001,0
83.498001,54.742001,0
83.526001,30.264999,0
83.598999,7.073000,0
83.617996,4.069000,0
83.723999,2.092000,0
83.747002,55.522999,0
83.800003,23.066999,0
83.825996,22.858000,0
83.992996,47.675999,0
84.070000,42.563999,0
84.075996,2.879000,0
84.126999,25.318001,0
84.177002,63.542999,0
84.181999,39.102001,0
84.184998,4.086000,0
84.237999,33.226002,0
84.281998,33.095001,0
84.330002,57.122002,0
84.349998,6.574000,0
84.425003,30.110001,0
84.439003,63.117001,0
84.469002,50.341000,0
84.639000,9.637000,0
84.737000,46.870998,0
84.761002,38.835999,0
84.838997,26.129000,0
84.893997,55.856998,0
84.949997,4.839000,0
84.996002,22.735001,0
84.999001,0.045000,0
85.054001,27.997000,0
85.111000,29.981001,0
85.125999,44.063000,0
85.126999,24.173000,0
85.127998,54.227001,0
85.233002,47.632999,0
85.291000,9.265000,0
85.346001,26.584000,0
85.346001,54.769001,0
85.373001,39.077999,0
85.376999,39.085999,0
85.388000,57.551998,0
85.420998,14.785000,0
85.778000,47.157001,0
85.801003,47.234001,0
85.811996,59.651001,0
85.910004,1.974000,0
86.061996,35.907001,0
86.068001,59.758999,0
86.153000,27.684999,0
86.210999,18.982000,0
86.344002,46.939999,0
86.396004,62.422001,0
86.444000,63.271999,0
86.456001,37.990002,0
86.573997,57.757000,0
86.653999,0.075000,0
86.662003,43.033001,0
86.663002,62.515999,0
86.723999,22.441999,0
86.739998,22.330999,0
86.781998,37.199001,0
86.989998,25.981001,0
87.013000,38.759998,0
87.028999,57.261002,0
87.039001,36.981998,0
87.056000,7.489000,0
87.135002,22.039000,0
87.285004,3.630000,0
87.421997,49.839001,0
87.494003,10.556000,0
87.508003,62.300999,0
87.667000,17.523001,2
87.685997,7.915000,0
87.786003,51.533001,0
87.796997,43.087002,0
87.827003,50.450001,0
87.843002,8.774000,0
88.001999,3.565000,0
88.018997,18.577999,0
88.028000,24.684000,0
88.179001,38.833000,0
88.195999,35.362999,0
88.264000,28.709999,0
88.293999,18.000000,2
88.308998,52.237000,0
88.321999,0.002000,0
88.457001,33.311001,0
88.475998,37.555000,0
88.574997,26.903000,0
88.628998,41.547001,0
88.630997,7.584000,0
88.639999,24.138000,0
88.671997,32.640999,0
88.698997,43.694000,0
88.785004,36.535000,0
88.799004,12.884000,0
88.865997,8.945000,0
88.877998,7.899000,0
89.084000,57.847000,0
89.198997,53.307999,0
89.205002,63.823002,0
89.246002,14.282000,0
89.287003,53.347000,0
89.385002,11.335000,0
89.407997,48.323002,0
89.414001,46.945999,0
89.483002,37.012001,0
89.511002,25.399000,0
89.536003,21.903999,0
89.570000,49.833000,0
89.584999,20.608999,0
89.586998,25.379000,0
89.625000,29.587000,0
89.625999,54.730000,0
89.667999,11.154000,0
89.969002,29.197001,0
90.106003,48.487999,0
90.152000,10.094000,0
90.163002,60.312000,0
90.204002,15.308000,2
90.278999,18.204000,2
90.419998,12.118000,2
90.480003,58.610001,0
90.481003,19.632999,2
90.490997,0.874000,0
90.572998,22.653000,0
90.657997,26.841999,0
90.689003,44.904999,0
90.751999,27.774000,0
90.764000,41.036999,0
90.861000,38.617001,0
91.051003,44.691002,0
91.125999,14.044000,0
91.184998,35.801998,0
91.218002,14.686000,0
91.249001,31.580000,0
91.296997,5.284000,0
91.468002,23.061001,0
91.526001,12.940000,0
91.526001,16.249001,2
91.660004,53.409000,0
91.785004,8.417000,0
91.801003,35.612000,0
91.809998,17.999001,2
91.842003,20.775999,0
91.846001,36.979000,0
91.859001,55.327000,0
91.867996,8.933000,0
91.886002,56.905998,0
91.902000,40.292999,0
91.934998,44.848000,0
92.149002,47.818001,0
92.154999,25.955000,0
92.228996,1.000000,0
92.316002,56.723000,0
92.422997,58.349998,0
92.434998,46.205002,0
92.445999,8.150000,0
92.492996,29.650000,0
92.578003,27.351999,0
92.603996,32.548000,0
92.625999,19.964001,0
92.643997,23.704000,0
92.691002,17.450001,0
92.832001,57.041000,0
92.832001,58.431000,0
92.913002,49.272999,0
92.928001,54.222000,0
92.970001,38.904999,0
93.003998,42.280998,0
93.012001,39.511002,0
93.084999,36.858002,0
93.348999,27.993999,0
93.455002,30.259001,0
93.709000,48.188000,0
93.786003,24.878000,0
93.810997,33.879002,0
93.846001,1.584000,0
93.966003,54.882999,0
94.011002,37.314999,0
94.032997,51.022999,0
94.140999,14.181000,0
94.221001,48.551998,0
94.297997,13.684000,0
94.305000,48.074001,0
94.321999,51.063000,0
94.429001,27.549999,0
94.553001,52.476002,0
94.555000,57.819000,0
94.568001,33.785000,0
94.716003,35.771999,0
94.808998,61.580002,0
94.834999,51.601002,0
94.876999,7.877000,0
95.047997,53.555000,0
95.094002,44.798000,0
95.203003,12.657000,0
95.236000,49.362000,0
95.459999,47.487000,0
95.504997,44.250000,0
95.603996,27.822001,0
95.746002,42.294998,0
95.874001,20.548000,2
95.884003,40.129002,0
95.949997,15.694000,0
96.008003,43.257000,0
96.050003,16.131001,2
96.068001,31.886999,2
96.167000,40.209000,0
96.191002,42.660999,0
96.192001,9.256000,2
96.291000,63.712002,0
96.331001,4.941000,2
96.356003,38.049999,0
96.471001,28.138000,2
96.557999,10.834000,2
96.612000,13.038000,2
96.628998,60.978001,0
96.661003,9.817000,0
96.761002,31.379999,0
96.800003,10.256000,0
96.811996,59.493000,0
96.834999,55.566002,0
96.878998,19.451000,2
96.894997,18.521000,2
96.911003,23.483999,0
97.038002,47.373001,0
97.041000,19.068001,0
97.119003,45.453999,0
97.209000,4.268000,0
97.303001,36.110001,0
97.304001,40.459999,0
97.364998,45.410000,0
97.422997,55.998001,0
97.668999,51.721001,0
97.672997,37.660999,0
97.708000,57.636002,0
97.810997,27.971001,0
97.847000,29.249001,0
97.866997,56.419998,0
97.908997,16.631001,0
97.924004,33.480000,0
98.018997,23.410000,0
98.026001,45.902000,0
98.077003,21.089001,0
98.101997,14.290000,0
98.155998,45.245998,0
98.158997,60.459999,0
98.184998,54.122002,0
98.277000,29.160999,0
98.448997,14.103000,0
98.714996,51.187000,0
98.751999,3.719000,0
98.785004,24.731001,0
98.794998,12.848000,0
98.858002,21.190001,0
99.088997,60.397999,0
99.151001,35.269001,0
99.161003,8.454000,0
99.186996,43.444000,0
99.190002,9.215000,0
99.202003,60.294998,0
99.225998,12.911000,0
99.269997,50.796001,0
99.417000,47.669998,0
99.439003,29.582001,0
99.485001,30.351000,0
99.554001,54.796001,0
99.577003,28.695000,0
99.705002,37.536999,0
99.726997,62.025002,0
99.819000,35.108002,0
99.844002,41.775002,0
99.964996,31.347000,0
100.113998,16.260000,0
100.153999,53.183998,0
100.277000,57.389000,0
100.337997,24.056999,0
100.439003,51.672001,0
100.550003,12.471000,0
100.559998,32.973999,0
100.565002,2.979000,0
100.621002,55.344002,0
100.712997,4.323000,0
100.717003,54.991001,0
100.740997,58.643002,0
100.763000,58.840000,0
100.899002,6.201000,0
100.968002,27.410999,0
100.970001,40.335999,0
100.981003,22.374001,0
101.059998,52.794998,0
101.097000,11.327000,0
101.192001,48.709000,0
101.596001,5.600000,0
101.612000,48.042000,0
101.692001,10.360000,0
101.790001,31.934999,0
101.811996,26.445999,0
101.832001,30.145000,0
101.889999,60.883999,0
101.906998,7.484000,0
101.927002,36.257000,0
102.103996,27.480000,0
102.181999,48.466000,0
102.271004,61.008999,0
102.296997,19.913000,0
102.373001,3.710000,0
102.389000,3.281000,0
102.552002,31.306999,0
102.588997,6.087000,0
102.794998,41.724998,0
102.823997,9.236000,0
102.835999,18.933001,0
102.960999,7.255000,0
103.109001,46.939999,0
103.124001,63.356998,0
103.163002,54.243000,0
103.167000,29.790001,0
103.240997,37.428001,0
103.249001,36.842999,0
103.324997,4.958000,0
103.362000,55.112999,0
103.538002,60.977001,0
103.585999,58.713001,0
103.611000,4.730000,0
103.722000,26.075001,0
103.786003,14.828000,0
103.790001,13.045000,0
103.861000,7.169000,0
103.953003,28.174999,0
103.957001,42.351002,0
103.997002,52.341999,0
104.095001,29.920000,0
104.108002,14.487000,0
104.127998,9.554000,0
104.271004,9.387000,0
104.339996,5.818000,0
104.365997,46.358002,0
104.403999,40.145000,0
104.445000,53.956001,0
104.473999,7.604000,0
104.533997,31.781000,0
104.554001,58.811001,0
104.568001,59.925999,0
104.710999,29.112000,0
104.713997,23.948000,0
104.816002,54.223999,0
104.943001,26.983000,0
105.051003,57.296001,0
105.190002,52.101002,0
105.261002,34.848999,0
105.263000,17.014000,0
105.327003,46.470001,0
105.331001,39.257999,0
105.344002,43.303001,0
105.349998,28.534000,0
105.373001,59.708000,0
105.429001,35.506001,0
105.445999,42.683998,0
105.450996,62.445000,0
105.454002,34.528000,0
105.561996,9.974000,0
105.609001,54.828999,0
105.684998,8.309000,0
105.716003,13.243000,0
105.717003,27.063000,0
105.883003,34.875000,0
105.890999,33.896999,0
106.060997,16.523001,0
106.099998,21.829000,0
106.112000,5.454000,0
106.190002,59.286999,0
106.222000,5.637000,0
106.281998,27.757000,0
106.456001,23.340000,0
106.495003,57.094002,0
106.541000,18.892000,0
106.613998,7.380000,0
106.653999,62.176998,0
106.655998,34.168999,0
106.778000,52.270000,0
106.792000,17.608000,0
106.814003,40.265999,0
106.852997,56.832001,0
106.885002,14.968000,0
106.974998,55.316002,0
106.995003,48.351002,0
107.012001,23.461000,0
107.052002,7.488000,0
107.097000,22.641001,0
107.099998,20.039000,0
107.181999,6.078000,0
107.313004,11.121000,0
107.350998,26.017000,0
107.378998,23.330999,0
107.405998,12.762000,0
107.430000,29.506001,0
107.469002,6.860000,0
107.509003,35.418999,0
107.514000,43.648998,0
107.557999,56.887001,0
107.573997,18.732000,0
107.583000,17.051001,0
107.750000,1.434000,0
107.764999,33.923000,0
107.766998,25.443001,0
107.773003,35.174000,0
107.855003,23.143999,0
107.887001,60.901001,0
107.959000,34.611000,0
107.985001,46.193001,0
108.029999,33.144001,0
108.063004,16.922001,0
108.195000,36.780998,0
108.236000,16.809000,0
108.337997,34.481998,0
108.365997,39.144001,0
108.481003,35.782001,0
108.577003,16.753000,0
108.624001,50.504002,0
108.661003,56.682999,0
108.663002,51.119999,0
108.680000,39.861000,0
108.764999,37.264000,0
108.778000,18.680000,0
108.825996,23.222000,0
108.947998,13.927000,0
108.984001,31.375999,0
109.075996,29.414000,0
109.121002,40.278000,0
109.271004,1.547000,0
109.319000,0.519000,0
109.333000,16.858000,0
109.624001,41.095001,0
109.640999,53.740002,0
109.827003,11.631000,0
109.983002,57.112999,0
110.000999,19.854000,0
110.011002,3.363000,0
110.032997,62.515999,0
110.203003,0.063000,0
110.383003,25.950001,0
110.511002,18.139999,0
110.601997,9.244000,0
110.603996,6.147000,0
110.644997,18.240999,0
110.655998,35.386002,0
110.710999,16.976000,0
110.804001,21.106001,0
110.843002,46.772999,0
110.867996,10.895000,0
110.946999,42.397999,0
110.969002,23.827999,0
110.991997,55.141998,0
111.060997,28.752001,0
111.151001,45.181000,0
111.228996,47.953999,0
111.274002,62.759998,0
111.319000,47.558998,0
111.382004,11.515000,0
111.541000,54.091000,0
111.609001,42.355999,0
111.650002,43.341000,0
111.651001,7.526000,0
111.698997,62.687000,0
111.863998,51.680000,0
112.014000,32.404999,0
112.052002,51.955002,0
112.120003,3.828000,0
112.157997,55.231998,0
112.167000,22.033001,0
112.207001,37.622002,0
112.250999,9.848000,0
112.348999,6.420000,0
112.366997,54.743000,0
112.396004,10.201000,0
112.455002,28.701000,0
112.507004,48.549999,0
112.584000,12.568000,0
112.896004,16.979000,0
113.065002,43.263000,0
113.073997,45.707001,0
113.162003,52.379002,0
113.237000,1.852000,0
113.294998,2.073000,0
113.417999,44.328999,0
113.518997,7.691000,0
113.547997,60.422001,0
113.573997,58.546001,0
113.641998,2.179000,0
113.693001,55.681999,0
113.727997,31.854000,0
113.774002,28.771000,0
113.805000,4.597000,0
113.946999,47.115002,0
113.976997,1.870000,0
114.042999,53.094002,0
114.059998,39.773998,0
114.079002,15.623000,0
114.245003,25.184999,0
114.253998,16.701000,0
114.280998,34.964001,0
114.291000,29.917999,0
114.333000,1.942000,0
114.439003,60.243999,0
114.468002,58.104000,0
114.507004,13.785000,0
114.518997,50.021000,0
114.580002,6.584000,0
114.612000,52.268002,0
114.697998,42.959999,0
114.748001,14.338000,0
114.775002,47.148998,0
114.818001,2.057000,0
114.864998,43.723000,0
114.896004,36.745998,0
114.901001,30.905001,0
114.917999,60.411999,0
114.977997,14.658000,0
115.093002,38.543999,0
115.114998,21.857000,0
115.125000,45.751999,0
115.174004,8.913000,0
115.227997,46.511002,0
115.248001,9.314000,0
115.350998,20.499001,0
115.375000,11.523000,0
115.380997,14.113000,0
115.402000,23.645000,0
115.509003,1.257000,0
115.513000,9.118000,0
115.515999,1.709000,0
115.536003,48.445999,0
115.550003,55.985001,0
115.760002,24.584999,0
115.776001,43.396999,0
115.859001,7.338000,0
115.860001,43.254002,0
115.956001,56.551998,0
116.169998,40.630001,0
116.181000,34.276001,0
116.250000,52.591999,0
116.376999,62.069000,0
116.398003,46.084000,0
116.495003,58.944000,0
116.538002,38.847000,0
116.617996,12.839000,0
116.676003,46.499001,0
116.746002,43.556000,0
116.902000,18.702000,0
116.906998,0.761000,0
117.300003,59.508999,0
117.314003,23.580999,0
117.348999,41.960999,0
117.488998,62.247002,0
117.495003,2.866000,0
117.543999,16.955000,0
117.567001,41.944000,0
117.602997,62.970001,0
117.614998,45.682999,0
117.615997,47.687000,0
117.671997,60.337002,0
117.820000,24.180000,0
117.872002,51.922001,0
117.912003,3.037000,0
117.996002,50.500000,0
118.044998,10.219000,0
118.074997,37.584000,0
118.130997,33.748001,0
118.182999,10.624000,0
118.190002,21.379000,0
118.226997,38.410999,0
118.388000,5.086000,0
118.432999,26.271999,0
118.593002,23.926001,0
118.601997,10.427000,0
118.606003,41.153000,0
118.636002,45.314999,0
118.667000,37.164001,0
118.723000,47.032001,0
118.741997,10.876000,0
118.862000,54.160000,0
118.926003,18.843000,0
119.030998,16.725000,0
119.059998,29.219000,0
119.061996,16.424000,0
119.271004,47.657001,0
119.280998,31.679001,0
119.435997,39.160999,0
119.492996,61.736000,0
119.518997,23.548000,0
119.630997,58.180000,0
119.805000,36.066002,0
119.862000,60.151001,0
119.889000,0.792000,0
119.890999,36.672001,0
119.924004,15.677000,0
119.933998,18.771999,0
120.109001,30.153000,0
120.109001,33.616001,0
120.111000,59.523998,0
120.199997,62.973999,0
120.231003,25.962000,0
120.242996,49.136002,0
120.300003,23.198000,0
120.315002,42.983002,0
120.320000,14.026000,0
120.349998,47.363998,0
120.413002,62.123001,0
120.621002,61.158001,0
120.655998,59.813000,0
120.696999,45.618000,0
120.709999,11.498000,0
120.889999,39.752998,0
120.972000,54.750999,0
120.981003,21.521999,0
121.061996,52.959000,0
121.079002,18.148001,0
121.112000,42.898998,0
121.182999,36.862000,0
121.532997,45.276001,0
121.549004,13.086000,0
121.584999,51.561001,0
121.636002,43.186001,0
121.726997,50.873001,0
121.752998,63.252998,0
121.786003,3.796000,0
121.829002,57.634998,0
121.852997,13.315000,0
121.886002,52.810001,0
121.957001,43.537998,0
122.097000,31.683001,0
122.109001,33.062000,0
122.112999,41.015999,0
122.174004,56.459000,0
122.348999,6.745000,0
122.393997,27.544001,0
122.448997,1.805000,0
122.483002,58.881001,0
122.516998,0.458000,0
122.537003,13.767000,0
122.555000,12.060000,0
122.567001,62.486000,0
122.582001,48.831001,0
122.605003,9.296000,0
122.621002,18.996000,0
122.778999,47.206001,0
122.805000,40.209000,0
122.961998,4.610000,0
123.012001,42.605999,0
123.108002,0.823000,0
123.108002,37.556999,0
123.206001,25.194000,0
123.248001,46.525002,0
123.339996,61.050999,0
123.420998,12.062000,0
123.464996,14.769000,0
123.504997,53.528999,0
123.627998,22.837999,0
123.657997,24.249001,0
123.745003,22.628000,0
123.758003,58.056999,0
123.808998,46.743999,0
123.836998,6.663000,0
123.924004,63.243999,0
124.000999,44.619999,0
124.299004,12.528000,0
124.325996,27.094000,0
124.370003,8.141000,0
124.436996,8.510000,0
124.543999,40.827000,0
124.583000,32.310001,0
124.632004,63.834999,0
124.801003,11.424000,0
124.892998,33.777000,0
124.915001,55.243999,0
124.994003,61.183998,0
125.081001,7.500000,0
125.101997,2.231000,0
125.123001,14.898000,0
125.436996,32.903000,0
125.540001,52.108002,0
125.806999,34.705002,0
125.849998,12.319000,0
125.900002,59.862999,0
126.071999,51.930000,0
126.088997,12.988000,0
126.135002,14.993000,0
126.171997,14.375000,0
126.546997,55.903999,0
126.552002,42.236000,0
126.686996,2.946000,0
126.688004,36.332001,0
126.709000,20.604000,0
126.929001,44.797001,0
126.932999,11.818000,0
126.961998,6.945000,0
126.966003,62.178001,0
127.139000,36.681000,0
127.155998,17.662001,0
127.199997,16.448999,0
127.222000,32.438999,0
127.234001,29.000999,0
127.276001,12.282000,0
127.281998,14.398000,0
127.363998,34.287998,0
127.380997,7.114000,0
127.411003,56.449001,0
127.417999,5.525000,0
127.611000,38.936001,0
127.718002,44.926998,0
127.748001,10.232000,0
127.788002,25.323999,0
127.875999,35.243999,0
127.880997,6.521000,0
127.920998,14.662000,0
127.953003,34.543999,0
